City_ID,City,Country,Date,Lat,Lng,Max Temp,Humidity,Cloudiness,Wind Speed
0,San Patricio,US,2022-04-19 21:52:02,28.017,-97.5169,78.66,75,100,23.22
1,Ilulissat,GL,2022-04-19 21:52:02,69.2167,-51.1,-0.9,93,94,8.81
2,Albany,US,2022-04-19 21:52:13,42.6001,-73.9662,42.37,65,58,1.01
3,Ushuaia,AR,2022-04-19 21:47:30,-54.8,-68.3,47.86,66,40,11.5
4,Vaini,TO,2022-04-19 21:52:13,-21.2,-175.2,77.16,94,75,8.05
5,Salalah,OM,2022-04-19 21:52:13,17.0151,54.0924,77.41,82,10,2.48
6,Hilo,US,2022-04-19 21:52:14,19.7297,-155.09,83.28,68,40,11.5
7,Punta Arenas,CL,2022-04-19 21:48:08,-53.15,-70.9167,48.31,61,0,16.11
8,Sao Joao Da Barra,BR,2022-04-19 21:51:00,-21.6403,-41.0511,75.29,79,37,8.86
9,Hasaki,JP,2022-04-19 21:52:14,35.7333,140.8333,52.2,61,94,11.61
10,Avarua,CK,2022-04-19 21:50:12,-21.2078,-159.775,80.65,78,100,6.91
11,Mahebourg,MU,2022-04-19 21:52:25,-20.4081,57.7,79.25,94,40,6.91
12,Kapaa,US,2022-04-19 21:52:36,22.0752,-159.319,78.48,73,100,21.85
13,Oistins,BB,2022-04-19 21:52:26,13.0667,-59.5333,82.49,65,20,20.71
14,Cape Town,ZA,2022-04-19 21:50:42,-33.9258,18.4232,71.11,58,0,5.01
15,East London,ZA,2022-04-19 21:52:19,-33.0153,27.9116,68.13,83,70,9.42
16,Mezen,RU,2022-04-19 21:52:54,65.8522,44.24,31.82,95,100,8.37
17,Nouadhibou,MR,2022-04-19 21:52:54,20.931,-17.0347,67.98,77,100,18.41
18,Gisborne,NZ,2022-04-19 21:52:55,-38.6533,178.0042,66.06,74,32,5.61
19,Camacha,PT,2022-04-19 21:52:55,33.0833,-16.3333,58.42,59,75,16.11
20,Codrington,AU,2022-04-19 21:52:55,-38.2667,141.9667,54.37,93,65,6.53
21,Gobabis,NA,2022-04-19 21:52:56,-22.45,18.9667,60.58,41,12,10.49
22,Leningradskiy,RU,2022-04-19 21:52:56,69.3833,178.4167,23.27,84,71,5.21
23,Tateyama,JP,2022-04-19 21:52:56,34.9833,139.8667,53.1,87,98,7.58
24,Nikolskoye,RU,2022-04-19 21:52:57,59.7035,30.7861,37.29,91,23,4.9
25,Coquimbo,CL,2022-04-19 21:52:57,-29.9533,-71.3436,60.53,67,20,12.66
26,Lavrentiya,RU,2022-04-19 21:52:57,65.5833,-171.0,29.07,74,3,6.15
27,Nantucket,US,2022-04-19 21:51:29,41.2835,-70.0995,51.91,70,0,31.07
28,Ourinhos,BR,2022-04-19 21:52:58,-22.9789,-49.8706,66.94,85,5,3.44
29,Ahipara,NZ,2022-04-19 21:52:59,-35.1667,173.1667,69.78,87,83,10.65
30,Fortuna,US,2022-04-19 21:52:59,40.5982,-124.1573,57.85,73,75,10.36
31,Upernavik,GL,2022-04-19 21:52:59,72.7868,-56.1549,-1.53,88,100,6.38
32,Mar Del Plata,AR,2022-04-19 21:53:00,-38.0023,-57.5575,64.87,95,40,11.99
33,Santa Marta,CO,2022-04-19 21:50:11,11.2408,-74.199,85.89,72,75,17.27
34,Bredasdorp,ZA,2022-04-19 21:53:00,-34.5322,20.0403,60.96,88,0,2.39
35,Hobart,AU,2022-04-19 21:48:28,-42.8794,147.3294,55.22,84,40,10.36
36,Rikitea,PF,2022-04-19 21:48:56,-23.1203,-134.9692,77.7,75,55,17.0
37,Tasiilaq,GL,2022-04-19 21:53:01,65.6145,-37.6368,30.29,83,100,13.91
38,Turbat,PK,2022-04-19 21:53:01,26.0023,63.044,78.87,74,0,2.75
39,Jamestown,US,2022-04-19 21:53:02,42.097,-79.2353,35.71,75,100,16.11
40,Port Alfred,ZA,2022-04-19 21:53:02,-33.5906,26.891,67.17,89,76,1.99
41,Arlit,NE,2022-04-19 21:53:02,18.7369,7.3853,83.03,13,1,7.45
42,Zaraza,VE,2022-04-19 21:53:03,9.3503,-65.3245,87.84,50,91,12.62
43,Hermanus,ZA,2022-04-19 21:53:03,-34.4187,19.2345,66.79,71,3,10.07
44,Busselton,AU,2022-04-19 21:53:04,-33.65,115.3333,53.53,87,0,10.22
45,Wilmington,US,2022-04-19 21:53:04,34.2257,-77.9447,64.0,39,0,4.0
46,Natitingou,BJ,2022-04-19 21:53:04,10.3042,1.3796,83.84,39,96,3.56
47,Ribeira Grande,PT,2022-04-19 21:53:05,38.5167,-28.7,61.3,71,39,9.19
48,Lata,PT,2022-04-19 21:53:05,40.1629,-8.3327,52.07,72,7,12.35
49,Yellowknife,CA,2022-04-19 21:54:06,62.456,-114.3525,30.72,34,0,6.91
50,Flin Flon,CA,2022-04-19 21:54:06,54.7682,-101.865,40.84,42,75,4.61
51,Puerto Ayora,EC,2022-04-19 21:54:07,-0.7393,-90.3518,78.76,84,85,8.7
52,Vao,NC,2022-04-19 21:54:07,-22.6667,167.4833,75.11,71,0,5.53
53,Mataura,NZ,2022-04-19 21:54:08,-46.1927,168.8643,53.47,69,100,3.42
54,Ankang,CN,2022-04-19 21:54:08,32.68,109.0172,54.64,84,95,1.14
55,Christiansburg,US,2022-04-19 21:52:02,37.1298,-80.4089,48.4,49,40,13.8
56,Tarrafal,CV,2022-04-19 21:54:08,15.2833,-23.7667,72.39,83,61,14.34
57,Geraldton,AU,2022-04-19 21:54:09,-28.7667,114.6,63.01,48,3,10.36
58,Salekhard,RU,2022-04-19 21:54:09,66.53,66.6019,30.67,94,74,13.76
59,Fuyu,CN,2022-04-19 21:54:10,45.1833,124.8167,59.29,31,100,22.32
60,Cidreira,BR,2022-04-19 21:54:10,-30.1811,-50.2056,68.14,82,0,9.73
61,Dingli,MT,2022-04-19 21:54:10,35.8614,14.3822,56.8,82,0,11.5
62,Hit,IQ,2022-04-19 21:54:11,33.6416,42.8251,79.66,24,79,19.84
63,Lasa,IT,2022-04-19 21:54:11,46.6166,10.7002,52.68,93,31,6.42
64,Galle,LK,2022-04-19 21:54:11,6.0367,80.217,80.92,81,100,7.29
65,Tiksi,RU,2022-04-19 21:54:12,71.6872,128.8694,1.47,100,100,4.85
66,Cherskiy,RU,2022-04-19 21:54:12,68.75,161.3,26.26,82,14,8.66
67,Buriti Dos Lopes,BR,2022-04-19 21:51:12,-3.175,-41.8669,78.55,95,99,4.56
68,Pontivy,FR,2022-04-19 21:54:13,48.0,-3.0,44.28,93,3,6.38
69,Kavaratti,IN,2022-04-19 21:54:13,10.5669,72.642,84.61,77,21,12.64
70,Victoria,HK,2022-04-19 21:54:00,22.2855,114.1577,69.33,86,100,1.99
71,Mathathane,BW,2022-04-19 21:54:14,-22.2687,28.7495,61.2,75,60,11.79
72,Anloga,GH,2022-04-19 21:53:52,5.7947,0.8973,82.54,76,100,2.21
73,Castro,BR,2022-04-19 21:52:24,-24.7911,-50.0119,59.41,83,0,3.11
74,College,US,2022-04-19 21:53:29,64.8569,-147.8028,46.08,28,0,11.5
75,Barrow,US,2022-04-19 21:50:05,71.2906,-156.7887,10.42,72,0,12.66
76,Ha Tinh,VN,2022-04-19 21:54:15,18.3333,105.9,67.82,84,99,3.44
77,Haines Junction,CA,2022-04-19 21:54:15,60.7522,-137.5108,33.75,32,99,5.75
78,Xingcheng,CN,2022-04-19 21:54:15,40.6167,120.7167,55.29,53,0,16.96
79,Atuona,PF,2022-04-19 21:54:16,-9.8,-139.0333,79.43,72,37,18.77
80,Bambous Virieux,MU,2022-04-19 21:54:16,-20.3428,57.7575,79.21,94,40,6.91
81,Chokurdakh,RU,2022-04-19 21:54:17,70.6333,147.9167,14.34,93,93,5.17
82,Chara,RU,2022-04-19 21:54:17,56.9064,118.2631,17.42,85,83,5.3
83,Bluff,NZ,2022-04-19 21:54:18,-46.6,168.3333,53.8,79,100,8.79
84,Torbay,CA,2022-04-19 21:54:18,47.6666,-52.7314,35.28,77,75,9.22
85,Milkovo,RU,2022-04-19 21:54:18,54.7167,158.6167,28.65,60,74,5.12
86,Egvekinot,RU,2022-04-19 21:54:19,66.3167,-179.1667,27.79,81,100,2.33
87,Esperance,AU,2022-04-19 21:54:19,-33.8667,121.9,57.04,68,71,8.41
88,Arraial Do Cabo,BR,2022-04-19 21:54:20,-22.9661,-42.0278,75.06,78,0,3.44
89,Sile,TR,2022-04-19 21:54:20,41.1754,29.6133,44.56,70,59,7.25
90,Sabang,ID,2022-04-19 21:54:20,5.8933,95.3214,83.16,74,100,13.51
91,Narsaq,GL,2022-04-19 21:54:21,60.9167,-46.05,33.35,40,6,17.83
92,Praia,CV,2022-04-19 21:54:21,14.9215,-23.5087,72.14,73,20,19.57
93,Rovaniemi,FI,2022-04-19 21:54:22,66.5,25.7167,45.81,65,0,5.75
94,Shenjiamen,CN,2022-04-19 21:54:22,29.9576,122.298,56.55,76,5,8.14
95,New Norfolk,AU,2022-04-19 21:54:22,-42.7826,147.0587,54.88,77,97,3.11
96,Yinchuan,CN,2022-04-19 21:54:23,38.4681,106.2731,50.92,20,0,11.59
97,Manokwari,ID,2022-04-19 21:55:23,-0.8667,134.0833,79.59,77,95,1.66
98,Dauphin,CA,2022-04-19 21:55:24,51.1494,-100.0502,30.34,69,100,17.27
99,Axim,GH,2022-04-19 21:55:24,4.8699,-2.2405,80.2,85,97,4.52
100,Carnarvon,AU,2022-04-19 21:55:24,-24.8667,113.6333,64.47,72,21,9.22
101,Khandyga,RU,2022-04-19 21:55:25,62.6667,135.6,28.04,94,100,6.93
102,Bichena,ET,2022-04-19 21:55:25,10.45,38.2,61.21,39,36,1.54
103,Port Blair,IN,2022-04-19 21:55:25,11.6667,92.75,80.64,89,75,2.3
104,Saint-Philippe,RE,2022-04-19 21:55:26,-21.3585,55.7679,78.39,81,47,4.65
105,Padang,ID,2022-04-19 21:55:26,-0.9492,100.3543,76.66,90,100,3.74
106,Dwarka,IN,2022-04-19 21:55:27,22.2394,68.9678,79.25,84,95,14.79
107,Dikson,RU,2022-04-19 21:55:27,73.5069,80.5464,7.99,96,100,5.5
108,Katsuura,JP,2022-04-19 21:55:27,35.1333,140.3,58.41,78,98,13.51
109,Krasnogvardeyets,RU,2022-04-19 21:55:28,52.6804,52.3635,58.17,60,100,7.38
110,Hammerfest,NO,2022-04-19 21:55:28,70.6634,23.6821,45.05,65,0,4.61
111,Khatanga,RU,2022-04-19 21:55:28,71.9667,102.5,-10.88,100,98,4.12
112,Lapua,FI,2022-04-19 21:55:29,62.9693,23.0088,40.33,98,40,2.35
113,Igunga,TZ,2022-04-19 21:55:29,-4.2833,33.8833,70.38,74,99,3.31
114,Hobyo,SO,2022-04-19 21:55:30,5.3505,48.5268,82.47,71,28,12.44
115,Edeia,BR,2022-04-19 21:55:30,-17.3383,-49.9314,78.49,50,75,1.9
116,Bethel,US,2022-04-19 21:55:31,41.3712,-73.414,48.94,56,65,7.0
117,Talcahuano,CL,2022-04-19 21:55:31,-36.7167,-73.1167,56.88,94,100,8.05
118,Nome,US,2022-04-19 21:55:31,64.5011,-165.4064,38.1,55,0,3.36
119,Marawi,PH,2022-04-19 21:55:32,7.9986,124.2928,68.77,93,71,2.84
120,Sebinkarahisar,TR,2022-04-19 21:55:32,40.2883,38.4236,44.02,84,15,2.48
121,Trujillo,PE,2022-04-19 21:55:33,-8.116,-79.03,66.16,82,0,8.05
122,Kemijarvi,FI,2022-04-19 21:55:33,66.7131,27.4306,38.34,96,8,2.55
123,Thompson,CA,2022-04-19 21:53:26,55.7435,-97.8558,28.56,74,75,5.75
124,Dhidhdhoo,MV,2022-04-19 21:55:34,6.8833,73.1,84.16,75,98,12.77
125,Timmins,CA,2022-04-19 21:55:34,48.4669,-81.3331,35.42,51,100,17.27
126,Tessalit,ML,2022-04-19 21:55:34,20.1986,1.0114,82.54,9,7,5.75
127,Vardo,NO,2022-04-19 21:55:35,70.3705,31.1107,35.76,88,100,11.63
128,Pevek,RU,2022-04-19 21:55:35,69.7008,170.3133,17.13,86,30,4.25
129,Sivagiri,IN,2022-04-19 21:55:36,9.3333,77.4333,80.91,77,91,3.29
130,Butaritari,KI,2022-04-19 21:55:36,3.0707,172.7902,81.57,75,70,17.07
131,Faya,SA,2022-04-19 21:55:37,18.3851,42.4509,69.91,34,42,2.13
132,Pangnirtung,CA,2022-04-19 21:55:37,66.1451,-65.7125,3.2,72,75,0.0
133,Sitka,US,2022-04-19 21:55:38,57.0531,-135.33,47.93,55,93,0.31
134,Costinesti,RO,2022-04-19 21:55:38,43.95,28.6333,40.24,83,100,7.07
135,Laguna,US,2022-04-19 21:55:38,38.421,-121.4238,70.05,48,0,4.0
136,Qaanaaq,GL,2022-04-19 21:55:39,77.484,-69.3632,-2.63,79,99,5.7
137,Ketchikan,US,2022-04-19 21:55:39,55.3422,-131.6461,51.78,75,100,11.86
138,Abnub,EG,2022-04-19 21:55:40,27.2696,31.1511,71.82,34,0,17.16
139,Lebu,CL,2022-04-19 21:55:40,-37.6167,-73.65,54.59,94,100,0.43
140,Pueblo,US,2022-04-19 21:56:41,38.2545,-104.6091,85.48,11,97,5.01
141,Provideniya,RU,2022-04-19 21:56:41,64.3833,-173.3,33.91,69,0,13.42
142,Mapiri,BO,2022-04-19 21:56:41,-15.25,-68.1667,75.07,71,94,1.23
143,Salinas,US,2022-04-19 21:56:42,36.6777,-121.6555,66.81,63,71,9.86
144,Port Elizabeth,ZA,2022-04-19 21:56:42,-33.918,25.5701,68.09,95,0,12.66
145,Grindavik,IS,2022-04-19 21:56:43,63.8424,-22.4338,44.55,70,75,24.16
146,Georgetown,MY,2022-04-19 21:52:41,5.4112,100.3354,78.73,93,20,3.44
147,Kaitangata,NZ,2022-04-19 21:56:43,-46.2817,169.8464,57.81,63,99,2.89
148,Acapulco,MX,2022-04-19 21:52:29,16.8634,-99.8901,86.47,50,2,10.83
149,Methoni,GR,2022-04-19 21:56:44,36.8197,21.7049,54.21,68,0,11.01
150,Tukrah,LY,2022-04-19 21:56:44,32.5341,20.5791,56.26,76,3,1.1
151,Kargasok,RU,2022-04-19 21:56:45,59.0556,80.8572,29.19,95,77,6.29
152,Naze,JP,2022-04-19 21:56:45,28.3667,129.4833,59.92,65,93,5.73
153,Prainha,BR,2022-04-19 21:56:45,-1.8,-53.48,77.7,91,73,2.89
154,Kruisfontein,ZA,2022-04-19 21:56:46,-34.0033,24.7314,65.88,94,2,6.38
155,Rudkobing,DK,2022-04-19 21:56:46,54.9364,10.7102,45.57,72,38,9.95
156,Karratha,AU,2022-04-19 21:56:46,-20.7377,116.8463,78.04,49,15,6.15
157,Chuy,UY,2022-04-19 21:56:46,-33.6971,-53.4616,64.98,84,5,10.0
158,Shimoda,JP,2022-04-19 21:56:47,34.6667,138.95,51.1,88,59,15.3
159,Hithadhoo,MV,2022-04-19 21:56:47,-0.6,73.0833,83.08,70,100,6.02
160,Lahat,ID,2022-04-19 21:56:47,-3.8,103.5333,71.98,97,100,1.77
161,Catamarca,AR,2022-04-19 21:56:48,-28.4696,-65.7852,70.59,65,2,12.17
162,Wladyslawowo,PL,2022-04-19 21:56:48,54.7909,18.4009,46.0,86,100,8.34
163,Vanavara,RU,2022-04-19 21:56:49,60.34,102.2797,24.58,95,100,6.69
164,Batar,RO,2022-04-19 21:56:49,46.7,21.8167,34.38,83,95,4.81
165,Poum,NC,2022-04-19 21:56:50,-20.2333,164.0167,77.56,81,7,5.64
166,Tura,IN,2022-04-19 21:56:02,25.5198,90.2201,68.23,90,99,5.08
167,Darhan,MN,2022-04-19 21:56:50,49.4867,105.9228,33.26,59,100,19.75
168,Tigil,RU,2022-04-19 21:56:50,57.8,158.6667,20.89,90,54,3.76
169,Saldanha,ZA,2022-04-19 21:54:02,-33.0117,17.9442,69.37,37,27,8.55
170,Paamiut,GL,2022-04-19 21:56:51,61.994,-49.6678,19.89,66,38,32.23
171,Cape Coast,GH,2022-04-19 21:56:51,5.1053,-1.2466,81.14,84,94,5.53
172,Metro,ID,2022-04-19 21:56:52,-5.1131,105.3067,74.64,91,100,3.31
173,Tupelo,US,2022-04-19 21:55:57,34.2576,-88.7034,65.89,25,0,2.66
174,Hofn,IS,2022-04-19 21:56:52,64.2539,-15.2082,42.82,93,100,6.91
175,Iqaluit,CA,2022-04-19 21:56:53,63.7506,-68.5145,13.73,72,75,16.11
176,Plettenberg Bay,ZA,2022-04-19 21:56:53,-34.0527,23.3716,64.6,69,1,4.41
177,Sawakin,SD,2022-04-19 21:56:54,19.1059,37.3321,83.41,66,54,3.91
178,Salym,RU,2022-04-19 21:56:54,60.0625,71.4789,29.37,99,71,5.32
179,Parkes,AU,2022-04-19 21:56:54,-33.1333,148.1833,56.35,93,65,9.31
180,Ladario,BR,2022-04-19 21:56:55,-19.0047,-57.6017,95.09,40,0,6.91
181,Severo-Kurilsk,RU,2022-04-19 21:56:55,50.6789,156.125,31.41,76,35,14.56
182,Sungaipenuh,ID,2022-04-19 21:56:55,-2.0833,101.3833,64.89,98,100,1.14
183,Prince Rupert,CA,2022-04-19 21:52:20,54.3161,-130.3201,46.49,66,75,32.21
184,Oranjemund,NA,2022-04-19 21:56:56,-28.55,16.4333,72.37,35,2,0.72
185,New Gloucester,US,2022-04-19 21:56:56,43.9628,-70.2825,50.34,71,52,4.0
186,Ulladulla,AU,2022-04-19 21:56:28,-35.35,150.4667,59.9,79,84,3.2
187,Barpeta,IN,2022-04-19 21:56:56,26.3167,91.0,73.65,82,100,7.65
188,Waipawa,NZ,2022-04-19 21:57:57,-41.4122,175.5153,65.34,71,44,4.65
189,Baruun-Urt,MN,2022-04-19 21:57:57,46.6806,113.2792,51.49,19,100,14.56
190,Kristiinankaupunki,FI,2022-04-19 21:57:58,62.2743,21.376,39.2,93,50,4.32
191,Izumo,JP,2022-04-19 21:57:58,35.3667,132.7667,46.35,93,0,2.3
192,Arman,RU,2022-04-19 21:57:58,59.7,150.1667,23.02,89,99,5.14
193,Alakurtti,RU,2022-04-19 21:57:59,66.9672,30.3491,37.2,90,90,2.71
194,Kodiak,US,2022-04-19 21:57:59,57.79,-152.4072,40.51,75,100,16.11
195,Pochutla,MX,2022-04-19 21:58:00,15.7432,-96.4661,92.82,39,14,8.86
196,Ust-Maya,RU,2022-04-19 21:58:00,60.4167,134.5333,27.12,93,94,1.07
197,Mayo,US,2022-04-19 21:58:00,38.8876,-76.5119,51.4,42,100,18.41
198,Usinsk,RU,2022-04-19 21:58:01,65.9939,57.5281,30.16,92,100,17.29
199,Taoudenni,ML,2022-04-19 21:58:01,22.6783,-3.9836,84.6,9,81,5.93
200,Acandi,CO,2022-04-19 21:58:02,8.5063,-77.2778,76.44,91,100,5.08
201,Port-Gentil,GA,2022-04-19 21:58:02,-0.7193,8.7815,76.96,94,20,3.44
202,Sao Filipe,CV,2022-04-19 21:58:02,14.8961,-24.4956,71.69,80,56,8.05
203,La Ronge,CA,2022-04-19 21:58:03,55.1001,-105.2842,35.85,60,75,14.97
204,Bhainsa,IN,2022-04-19 21:58:03,26.9548,76.9012,88.57,14,4,10.71
205,High Level,CA,2022-04-19 21:58:04,58.5169,-117.136,33.91,37,75,8.05
206,Mingshui,CN,2022-04-19 21:58:04,36.7167,117.5,56.17,54,0,12.77
207,Lloydminster,CA,2022-04-19 21:56:07,53.2835,-110.0016,35.82,64,100,26.46
208,Stepnyak,KZ,2022-04-19 21:58:05,52.8339,70.7803,50.56,61,93,9.93
209,Toamasina,MG,2022-04-19 21:58:05,-18.1667,49.3833,75.2,88,20,5.75
210,Souillac,MU,2022-04-19 21:58:05,-20.5167,57.5167,79.18,94,40,6.91
211,Mecca,SA,2022-04-19 21:58:06,21.4267,39.8261,83.39,37,52,3.18
212,Cvikov,CZ,2022-04-19 21:58:06,50.7767,14.633,38.98,90,37,0.78
213,Necochea,AR,2022-04-19 21:58:07,-38.5473,-58.7368,64.58,67,36,8.72
214,Andijon,UZ,2022-04-19 21:58:07,40.7821,72.3442,65.48,72,62,6.91
215,Wanganui,NZ,2022-04-19 21:58:07,-39.9333,175.05,72.59,68,59,1.99
216,Novoorsk,RU,2022-04-19 21:58:08,51.381,58.9813,50.65,60,84,0.96
217,Constitucion,CL,2022-04-19 21:58:08,-35.3333,-72.4167,58.23,86,100,5.23
218,Margate,GB,2022-04-19 21:56:55,51.3813,1.3862,48.87,86,100,5.01
219,Mount Isa,AU,2022-04-19 21:58:09,-20.7333,139.5,69.57,28,74,12.66
220,Urucara,BR,2022-04-19 21:58:09,-2.5364,-57.76,76.51,94,99,2.26
221,Cairns,AU,2022-04-19 21:58:10,-16.9167,145.7667,78.06,86,62,11.5
222,Dingle,PH,2022-04-19 21:58:10,10.9995,122.6711,75.51,90,46,6.87
223,Conceicao Do Araguaia,BR,2022-04-19 21:58:11,-8.2578,-49.2647,76.24,93,100,3.22
224,Mirnyy,RU,2022-04-19 21:58:11,62.5353,113.9611,12.24,72,96,8.99
225,Tulum,MX,2022-04-19 21:58:11,20.2167,-87.4667,84.02,56,2,10.94
226,Bobcaygeon,CA,2022-04-19 21:58:12,44.5462,-78.542,38.48,97,100,13.69
227,Araouane,ML,2022-04-19 21:58:12,18.9048,-3.5265,80.4,8,1,7.4
228,Dukat,RU,2022-04-19 21:58:12,62.55,155.55,12.6,93,97,5.26
229,Havre-Saint-Pierre,CA,2022-04-19 21:58:13,50.2334,-63.5986,32.36,74,100,18.41
230,Moyamba,SL,2022-04-19 21:58:14,8.1667,-12.4333,77.94,88,91,1.99
231,Meadow Lake,US,2022-04-19 21:58:14,34.8014,-106.5436,78.85,10,99,25.79
232,Ust-Tsilma,RU,2022-04-19 21:58:14,65.441,52.1498,33.85,98,100,8.3
233,Saskylakh,RU,2022-04-19 21:55:20,71.9167,114.0833,-5.55,100,88,4.5
234,Florence,IT,2022-04-19 21:55:33,43.7667,11.25,57.72,69,75,3.44
235,Comodoro Rivadavia,AR,2022-04-19 21:59:15,-45.8667,-67.5,64.26,34,75,16.11
236,Saint Anthony,US,2022-04-19 21:59:15,45.0205,-93.218,48.65,38,75,9.22
237,Cabo San Lucas,MX,2022-04-19 21:57:03,22.8909,-109.9124,87.19,56,0,9.62
238,Teeli,RU,2022-04-19 21:59:16,51.0333,90.2333,33.35,55,37,1.95
239,Luanda,AO,2022-04-19 21:57:38,-8.8368,13.2343,78.8,94,75,4.61
240,Hambantota,LK,2022-04-19 21:59:17,6.1241,81.1185,77.34,100,99,1.14
241,Damietta,EG,2022-04-19 21:59:17,31.4165,31.8133,64.29,75,7,9.91
242,Bom Jesus,BR,2022-04-19 21:59:18,-9.0744,-44.3586,80.1,66,98,2.95
243,Cozumel,MX,2022-04-19 21:59:18,20.5083,-86.9458,83.95,71,6,11.99
244,Krivosheino,RU,2022-04-19 21:59:19,57.3431,83.9261,31.3,85,57,6.51
245,Kristiansund,NO,2022-04-19 21:59:19,63.1115,7.732,47.05,57,0,2.3
246,Camapua,BR,2022-04-19 21:59:19,-19.5314,-54.0439,76.42,55,13,3.51
247,Kargil,IN,2022-04-19 21:59:20,34.5667,76.1,37.36,69,43,4.45
248,Konza,KE,2022-04-19 21:59:20,-1.7426,37.1294,60.93,94,100,4.32
249,Alberton,CA,2022-04-19 21:59:21,46.8168,-64.0654,42.93,91,100,33.84
250,Caravelas,BR,2022-04-19 21:59:21,-17.7125,-39.2481,74.84,68,8,6.55
251,Bahia Blanca,AR,2022-04-19 21:59:21,-38.7196,-62.2724,68.4,56,79,8.43
252,Longyearbyen,SJ,2022-04-19 21:58:48,78.2186,15.6401,22.84,86,75,4.61
253,Tuktoyaktuk,CA,2022-04-19 21:59:22,69.4541,-133.0374,17.6,62,0,4.61
254,Gazojak,TM,2022-04-19 21:59:22,41.1875,61.4036,60.08,73,100,6.71
255,Razole,IN,2022-04-19 21:59:23,16.4833,81.8333,79.16,92,4,4.43
256,Ginebra,CH,2022-04-19 21:59:23,46.2022,6.1457,55.44,56,60,3.44
257,Nuuk,GL,2022-04-19 21:59:23,64.1835,-51.7216,14.88,78,89,18.01
258,Eureka,US,2022-04-19 21:59:24,40.8021,-124.1637,58.12,75,61,8.99
259,Olafsvik,IS,2022-04-19 21:59:24,64.8945,-23.7142,41.86,76,100,17.18
260,Luziania,BR,2022-04-19 21:56:46,-16.2525,-47.9503,80.29,55,10,5.23
261,Agadez,NE,2022-04-19 21:59:25,19.75,10.25,77.61,14,1,8.01
262,Jiangyou,CN,2022-04-19 21:59:25,31.7667,104.7167,52.83,80,0,4.12
263,Mozarlandia,BR,2022-04-19 21:59:26,-14.7447,-50.5706,78.46,66,71,3.44
264,Port Lincoln,AU,2022-04-19 21:59:26,-34.7333,135.8667,60.73,83,34,8.08
265,Cap Malheureux,MU,2022-04-19 21:59:27,-19.9842,57.6142,79.47,87,100,3.0
266,Lima,PE,2022-04-19 21:58:14,-12.0432,-77.0282,68.4,65,20,13.8
267,Kieta,PG,2022-04-19 21:59:27,-6.2167,155.6333,82.47,76,92,4.36
268,Ponta Do Sol,PT,2022-04-19 21:59:28,32.6667,-17.1,61.72,62,9,12.33
269,Broome,US,2022-04-19 21:59:28,42.2506,-75.833,40.69,66,100,17.27
270,Gwadar,PK,2022-04-19 21:59:28,25.1216,62.3254,78.37,68,0,5.01
271,Pundaguitan,PH,2022-04-19 21:59:29,6.3711,126.1689,81.05,79,82,8.28
272,Richards Bay,ZA,2022-04-19 21:59:29,-28.783,32.0377,63.54,83,0,2.8
273,Cam Ranh,VN,2022-04-19 21:59:30,11.9214,109.1591,80.56,74,75,8.05
274,Faanui,PF,2022-04-19 21:59:30,-16.4833,-151.75,81.43,68,3,5.99
275,Tual,ID,2022-04-19 21:59:31,-5.6667,132.75,83.16,73,84,3.44
276,Changde,CN,2022-04-19 21:55:59,29.0464,111.6783,59.29,78,80,4.99
277,Airai,TL,2022-04-19 21:59:31,-8.9266,125.4092,58.95,72,37,2.42
278,Saint George,US,2022-04-19 21:56:11,37.1041,-113.5841,88.39,7,0,32.21
279,Santa Cruz,BO,2022-04-19 21:55:41,-17.8,-63.1667,84.25,51,20,13.8
280,Luang Prabang,LA,2022-04-19 22:00:32,19.8856,102.1347,69.06,99,78,1.34
281,Varhaug,NO,2022-04-19 22:00:33,58.6147,5.6457,43.86,74,68,5.21
282,Garowe,SO,2022-04-19 22:00:33,8.4054,48.4845,75.87,71,1,14.34
283,Tias,ES,2022-04-19 22:00:34,28.9611,-13.645,62.28,68,20,25.32
284,Port Hardy,CA,2022-04-19 22:00:34,50.6996,-127.4199,48.58,59,90,6.96
285,Morondava,MG,2022-04-19 22:00:35,-20.2833,44.2833,77.63,87,75,7.85
286,Vila Franca Do Campo,PT,2022-04-19 22:00:35,37.7167,-25.4333,62.2,70,67,10.36
287,Santa Isabel Do Rio Negro,BR,2022-04-19 22:00:36,-0.4139,-65.0192,76.08,95,100,2.51
288,Kirchhain,DE,2022-04-19 22:00:36,50.8167,8.9667,46.4,79,8,3.44
289,San Andres,CO,2022-04-19 22:00:37,12.5847,-81.7006,80.67,78,100,17.07
290,Kahului,US,2022-04-19 21:55:52,20.8947,-156.47,81.97,83,15,18.99
291,Ati,TD,2022-04-19 22:00:37,13.2154,18.3353,89.42,16,74,12.59
292,Itaituba,BR,2022-04-19 21:56:54,-4.2761,-55.9836,87.96,70,20,5.75
293,Walvis Bay,NA,2022-04-19 22:00:38,-22.9575,14.5053,72.09,40,6,8.32
294,Qurayyat,SA,2022-04-19 22:00:38,31.3318,37.3428,60.15,46,7,16.08
295,Lensk,RU,2022-04-19 22:00:39,60.7253,114.9278,18.43,94,100,8.12
296,Otane,NZ,2022-04-19 22:00:39,-39.8833,176.6333,67.01,75,7,4.18
297,Adrar,MR,2022-04-19 22:00:40,20.5022,-10.0711,82.47,11,24,9.42
298,Bilibino,RU,2022-04-19 22:00:40,68.0546,166.4372,16.83,86,71,2.59
299,Weatherford,US,2022-04-19 22:00:41,32.7593,-97.7972,74.25,40,100,19.69
300,Kyaikkami,MM,2022-04-19 22:00:41,16.08,97.5675,80.98,74,100,0.89
301,Japura,ID,2022-04-19 22:00:41,-0.3167,102.35,71.64,99,100,2.91
302,Norman Wells,CA,2022-04-19 22:00:42,65.282,-126.8329,30.52,76,15,6.96
303,Cortes,ES,2022-04-19 22:00:42,41.9395,-1.4396,49.28,86,100,22.97
304,Aklavik,CA,2022-04-19 22:00:43,68.2191,-135.0107,24.33,76,28,4.0
305,Weirton,US,2022-04-19 22:00:43,40.419,-80.5895,40.6,83,61,4.0
306,Odweyne,SO,2022-04-19 22:00:44,9.4092,45.064,79.18,43,70,7.2
307,Vila Velha,BR,2022-04-19 22:00:44,-20.3297,-40.2925,74.55,78,4,8.72
308,Camacupa,AO,2022-04-19 22:00:45,-12.0167,17.4833,61.57,96,93,3.4
309,Raudeberg,NO,2022-04-19 22:00:45,61.9875,5.1352,43.47,82,62,8.63
310,Palmas Bellas,PA,2022-04-19 22:00:46,9.2319,-80.0867,81.21,73,92,7.67
311,Avera,US,2022-04-19 22:00:46,33.194,-82.5271,66.25,38,0,8.3
312,Leshan,CN,2022-04-19 22:00:46,29.5623,103.7639,55.74,81,47,1.86
313,Taree,AU,2022-04-19 22:00:47,-31.9,152.4667,64.11,74,3,5.14
314,Amapa,BR,2022-04-19 22:00:47,1.0,-52.0,74.23,98,100,3.13
315,Rumoi,JP,2022-04-19 22:00:48,43.9344,141.6428,44.69,54,11,8.43
316,Samarai,PG,2022-04-19 22:00:48,-10.6167,150.6667,81.03,81,96,13.49
317,Takanosu,JP,2022-04-19 22:00:49,40.2219,140.3694,46.11,49,0,1.86
318,Lorengau,PG,2022-04-19 22:00:49,-2.0226,147.2712,84.09,72,68,9.04
319,Hualmay,PE,2022-04-19 22:00:49,-11.0964,-77.6139,70.07,77,61,10.42
320,Isla Vista,US,2022-04-19 22:00:50,34.4133,-119.861,80.83,44,0,21.85
321,Corinth,GR,2022-04-19 22:00:50,37.9407,22.9573,51.42,84,95,3.69
322,Varberg,SE,2022-04-19 22:00:51,57.1056,12.2508,49.93,69,42,10.45
323,Birjand,IR,2022-04-19 22:00:51,32.8663,59.2211,54.48,51,52,1.77
324,Quang Ngai,VN,2022-04-19 22:01:52,15.1167,108.8,70.99,93,46,5.08
325,San Carlos Del Zulia,VE,2022-04-19 22:01:52,9.0,-71.9135,85.1,67,100,4.61
326,Veraval,IN,2022-04-19 22:01:53,20.9,70.3667,79.93,79,32,15.86
327,Hamilton,US,2022-04-19 21:57:51,39.1834,-84.5333,53.62,46,79,8.01
328,Dongying,CN,2022-04-19 22:01:53,37.4564,118.4856,59.67,42,0,9.4
329,Waingapu,ID,2022-04-19 22:01:54,-9.6567,120.2641,77.47,79,100,2.42
330,Sao Felix Do Xingu,BR,2022-04-19 22:01:56,-6.6447,-51.995,74.53,96,100,1.72
331,Massillon,US,2022-04-19 22:00:44,40.7967,-81.5215,43.56,70,75,12.66
332,Los Llanos De Aridane,ES,2022-04-19 22:01:56,28.6585,-17.9182,61.12,75,100,17.27
333,Namatanai,PG,2022-04-19 22:01:57,-3.6667,152.4333,83.14,72,48,7.72
334,Valtice,CZ,2022-04-19 22:01:57,48.7407,16.755,40.01,87,47,4.83
335,Rocha,UY,2022-04-19 22:01:58,-34.4833,-54.3333,66.33,77,78,10.2
336,Tambura,SS,2022-04-19 22:01:58,5.6,27.4667,69.17,93,100,3.83
337,Tha Mai,TH,2022-04-19 22:01:59,12.6214,102.0048,82.06,79,98,3.31
338,Jardim,BR,2022-04-19 21:58:34,-21.4803,-56.1381,73.67,59,0,1.68
339,Lagoa,PT,2022-04-19 22:01:59,39.05,-27.9833,59.31,72,94,10.04
340,Pisco,PE,2022-04-19 22:02:00,-13.7,-76.2167,68.02,86,46,8.52
341,Gizo,SB,2022-04-19 22:02:00,-8.103,156.8419,82.26,77,100,8.16
342,Krasnoselkup,RU,2022-04-19 22:02:01,65.7,82.4667,9.93,93,100,4.23
343,Sorland,NO,2022-04-19 22:02:01,67.667,12.6934,43.79,87,26,11.99
344,Jeffersontown,US,2022-04-19 22:02:01,38.1942,-85.5644,56.84,36,0,11.5
345,Ripky,UA,2022-04-19 22:02:02,51.801,31.0838,38.98,98,100,7.0
346,Srednekolymsk,RU,2022-04-19 22:02:02,67.45,153.6833,25.39,79,17,5.57
347,Ukiah,US,2022-04-19 22:02:03,39.1502,-123.2078,61.38,67,100,9.22
348,Smidovich,RU,2022-04-19 22:02:03,48.6,133.8167,51.69,56,80,14.67
349,Bocas Del Toro,PA,2022-04-19 22:02:04,9.3333,-82.25,81.81,70,24,7.52
350,Tungor,RU,2022-04-19 22:02:04,53.3808,142.9564,35.28,89,99,5.88
351,Sibolga,ID,2022-04-19 22:02:04,1.7427,98.7792,75.9,89,100,2.48
352,Petropavlovsk-Kamchatskiy,RU,2022-04-19 22:02:05,53.0452,158.6483,36.19,41,0,13.42
353,Nioro,GM,2022-04-19 22:02:05,13.35,-15.75,81.0,43,29,10.51
354,Oktyabrskoye,RU,2022-04-19 22:02:06,43.0645,44.7417,53.74,87,81,8.95
355,Guerrero Negro,MX,2022-04-19 22:02:06,27.9769,-114.0611,69.94,60,91,19.66
356,Itigi,TZ,2022-04-19 22:02:06,-5.7,34.4833,66.04,77,96,8.05
357,Berdigestyakh,RU,2022-04-19 22:02:07,62.0989,126.6992,21.42,95,100,5.06
358,Casambalangan,PH,2022-04-19 22:02:07,18.3765,122.1274,76.73,82,34,8.63
359,Araguari,BR,2022-04-19 22:00:36,-18.6472,-48.1872,71.17,47,46,4.76
360,Along,IN,2022-04-19 22:02:08,28.1667,94.7667,63.3,89,1,2.24
361,San Cristobal,VE,2022-04-19 22:02:08,7.7669,-72.225,79.59,50,99,0.78
362,Kavieng,PG,2022-04-19 22:02:09,-2.5744,150.7967,83.66,70,93,12.21
363,Luderitz,NA,2022-04-19 22:02:09,-26.6481,15.1594,74.61,37,0,4.65
364,Whitianga,NZ,2022-04-19 22:02:09,-36.8333,175.7,67.01,93,69,13.06
365,Helong,CN,2022-04-19 22:02:10,42.5397,128.9972,51.62,48,1,8.66
366,Taihe,CN,2022-04-19 22:02:10,30.8712,105.3845,56.77,69,21,0.96
367,Uglegorsk,RU,2022-04-19 22:02:10,49.0833,142.0333,41.18,83,71,17.92
368,Griffith,US,2022-04-19 22:02:11,41.5284,-87.4237,52.14,56,0,4.61
369,Megara,GR,2022-04-19 22:02:11,38.0,23.3456,56.01,82,75,0.0
370,Puerto Ayacucho,VE,2022-04-19 22:03:11,5.6639,-67.6236,86.02,65,82,2.8
371,Antalaha,MG,2022-04-19 22:03:12,-14.9003,50.2788,75.29,88,16,6.96
372,Tadine,NC,2022-04-19 22:03:12,-21.55,167.8833,78.26,79,29,7.92
373,Gamba,GA,2022-04-19 22:03:13,-2.65,10.0,74.86,95,100,6.22
374,Shache,CN,2022-04-19 22:03:13,38.4167,77.2406,61.14,21,50,2.71
375,Hanyang,CN,2022-04-19 22:03:14,32.1371,105.5126,49.08,84,0,2.15
376,Bontang,ID,2022-04-19 22:03:14,0.1333,117.5,74.75,91,100,4.9
377,Atar,MR,2022-04-19 21:59:01,20.5169,-13.0499,87.28,17,54,7.27
378,Roald,NO,2022-04-19 22:03:15,62.5833,6.1333,47.75,93,0,3.44
379,Vikulovo,RU,2022-04-19 22:03:15,56.8167,70.6107,38.68,97,100,9.31
380,Alofi,NU,2022-04-19 22:00:33,-19.0595,-169.9187,79.56,80,94,18.48
381,Altamira,BR,2022-04-19 21:59:58,-3.2033,-52.2064,84.29,84,20,0.0
382,Nkhotakota,MW,2022-04-19 22:03:16,-12.9274,34.2961,72.21,86,20,7.25
383,Bandarbeyla,SO,2022-04-19 22:00:52,9.4942,50.8122,80.51,73,6,7.47
384,Koslan,RU,2022-04-19 22:03:17,63.4564,48.8989,33.21,99,100,5.01
385,Kokkola,FI,2022-04-19 22:03:17,63.8385,23.1307,39.92,93,0,1.14
386,Lisakovsk,KZ,2022-04-19 22:03:18,52.5369,62.4936,54.66,70,81,1.7
387,Lompoc,US,2022-04-19 22:03:18,34.6391,-120.4579,76.69,71,0,21.0
388,Druzhnaya Gorka,RU,2022-04-19 22:03:18,59.2761,30.1425,35.51,94,11,6.02
389,Cancun,MX,2022-04-19 21:59:14,21.1743,-86.8466,84.06,62,5,11.03
390,Champerico,GT,2022-04-19 21:59:08,14.3,-91.9167,93.74,60,39,11.95
391,Yulara,AU,2022-04-19 22:03:19,-25.2406,130.9889,52.52,47,96,8.61
392,Djambala,CG,2022-04-19 22:03:20,-2.5447,14.7533,70.39,91,100,4.97
393,Hay River,CA,2022-04-19 22:00:05,60.8156,-115.7999,27.84,64,47,5.46
394,Turukhansk,RU,2022-04-19 22:03:20,65.8167,87.9833,1.85,98,100,4.0
395,Gandorhun,SL,2022-04-19 22:03:20,7.5,-11.8333,78.53,87,91,3.04
396,Susanville,US,2022-04-19 21:58:43,40.4163,-120.653,50.92,45,100,15.99
397,Trairi,BR,2022-04-19 22:03:21,-3.2778,-39.2689,78.21,83,100,6.78
398,Praia Da Vitoria,PT,2022-04-19 22:03:22,38.7333,-27.0667,59.76,78,97,9.86
399,Tevaitoa,PF,2022-04-19 22:03:22,-16.7833,-151.5,80.89,70,3,4.88
400,Jaicos,BR,2022-04-19 22:03:22,-7.3592,-41.1378,76.05,69,94,4.47
401,Srandakan,ID,2022-04-19 22:03:23,-7.9386,110.2506,74.93,88,100,5.23
402,Magaria,NE,2022-04-19 22:03:23,12.9983,8.9099,90.3,26,82,3.31
403,Taga,RO,2022-04-19 22:03:24,46.95,24.05,36.32,74,99,2.24
404,Wahiawa,US,2022-04-19 22:03:24,21.5028,-158.0236,75.22,69,100,10.36
405,West Wendover,US,2022-04-19 22:03:24,40.7391,-114.0733,54.61,35,75,17.27
406,Aparecida Do Taboado,BR,2022-04-19 22:01:46,-20.0867,-51.0936,77.13,56,36,1.03
407,Quiruvilca,PE,2022-04-19 22:03:25,-7.9667,-78.2,42.94,84,88,2.53
408,Koshurnikovo,RU,2022-04-19 22:03:26,54.1667,93.3,24.06,92,98,1.05
409,Port Hedland,AU,2022-04-19 22:03:26,-20.3167,118.5667,77.05,44,10,8.05
410,Nongan,CN,2022-04-19 22:03:26,44.382,125.1685,58.69,37,91,24.14
411,Arkadak,RU,2022-04-19 22:03:27,51.9326,43.4978,54.55,75,98,8.03
412,Talaya,RU,2022-04-19 22:03:27,61.3833,152.75,10.74,80,52,2.59
413,Aasiaat,GL,2022-04-19 22:03:28,68.7098,-52.8699,-0.4,86,35,8.14
414,Nemuro,JP,2022-04-19 22:04:28,43.3236,145.575,40.05,81,0,13.24
415,Bengkulu,ID,2022-04-19 22:04:28,-3.8004,102.2655,76.42,89,100,5.64
416,Saint-Pierre,RE,2022-04-19 22:00:06,-21.3393,55.4781,78.48,81,100,4.61
417,Abu Samrah,SY,2022-04-19 22:04:29,35.3029,37.1841,53.83,75,1,14.47
418,Paracatu,BR,2022-04-19 22:03:40,-17.2222,-46.8747,75.36,44,35,3.15
419,Road Town,VG,2022-04-19 22:04:29,18.4167,-64.6167,80.69,69,40,10.36
420,Sapele,NG,2022-04-19 22:04:30,5.8941,5.6767,77.83,86,100,3.8
421,Nanortalik,GL,2022-04-19 22:04:30,60.1432,-45.2371,26.85,57,2,30.47
422,Dunedin,NZ,2022-04-19 22:02:36,-45.8742,170.5036,57.79,76,99,5.01
423,Taian,CN,2022-04-19 22:04:31,36.1853,117.12,51.98,65,0,5.1
424,Greensburg,US,2022-04-19 22:03:46,40.3015,-79.5389,40.75,83,75,11.99
425,Marion,US,2022-04-19 22:01:17,39.7684,-86.1555,53.26,45,75,9.22
426,Bow Island,CA,2022-04-19 22:04:32,49.8668,-111.3684,49.48,30,29,34.27
427,Itarema,BR,2022-04-19 22:04:32,-2.9248,-39.9167,78.51,85,99,9.13
428,Abbeville,FR,2022-04-19 22:04:33,50.1,1.8333,50.49,91,93,4.47
429,Clyde River,CA,2022-04-19 22:04:33,70.4692,-68.5914,-6.66,87,50,3.83
430,Kaposvar,HU,2022-04-19 22:04:34,46.3667,17.8,41.45,83,100,5.99
431,Charters Towers,AU,2022-04-19 22:04:34,-20.1,146.2667,71.87,78,89,7.45
432,Buzhakan,AM,2022-04-19 22:04:35,40.4529,44.521,51.19,47,27,4.25
433,Marshall,US,2022-04-19 22:00:34,34.3834,-86.3333,63.39,34,0,6.91
434,Namibe,AO,2022-04-19 22:04:35,-15.1961,12.1522,74.88,80,100,1.57
435,Lazaro Cardenas,MX,2022-04-19 22:00:02,17.9583,-102.2,83.7,51,1,9.89
436,Barberton,ZA,2022-04-19 22:04:36,-25.7884,31.0532,55.98,95,99,2.1
437,Gazanjyk,TM,2022-04-19 22:04:36,39.2446,55.5154,63.45,47,0,9.04
438,Pestravka,RU,2022-04-19 22:04:37,52.405,49.9583,58.62,65,100,9.08
439,Asyut,EG,2022-04-19 22:04:37,27.181,31.1837,69.84,31,0,16.98
440,Goderich,CA,2022-04-19 22:04:38,43.7501,-81.7165,38.91,81,100,25.37
441,Ballitoville,ZA,2022-04-19 22:04:38,-29.539,31.2144,65.25,86,0,5.41
442,San Quintin,MX,2022-04-19 22:04:38,30.4833,-115.95,68.31,59,100,23.31
443,Bathsheba,BB,2022-04-19 22:04:39,13.2167,-59.5167,79.41,73,20,20.71
444,Fushan,CN,2022-04-19 22:04:39,37.4958,121.2581,56.07,48,0,8.48
445,Makakilo City,US,2022-04-19 22:04:39,21.3469,-158.0858,79.12,64,100,18.41
446,Udimskiy,RU,2022-04-19 22:04:40,61.1417,45.9144,32.49,99,100,3.74
447,Praya,CV,2022-04-19 22:04:40,14.9215,-23.5087,72.14,73,20,16.11
448,Aksarka,RU,2022-04-19 22:04:40,66.5606,67.7975,30.24,93,100,12.93
449,Vila,PT,2022-04-19 22:04:41,42.0304,-8.1588,38.28,76,61,9.44
450,Rio Grande,BR,2022-04-19 22:04:41,-32.035,-52.0986,64.51,83,0,12.93
451,Beringovskiy,RU,2022-04-19 22:04:41,63.05,179.3167,30.63,98,100,4.61
452,San Isidro,PE,2022-04-19 22:04:42,-12.1167,-77.05,69.51,67,40,13.8
453,Rodrigues Alves,BR,2022-04-19 22:04:42,-7.738,-72.6509,75.79,96,72,3.56
454,Ossora,RU,2022-04-19 22:04:43,59.2353,163.0719,25.14,87,90,1.99
455,Kula,TR,2022-04-19 22:04:43,38.5473,28.6498,39.99,88,12,2.06
456,Vestmannaeyjar,IS,2022-04-19 22:04:44,63.4427,-20.2734,44.35,80,100,25.43
457,Bouna,CI,2022-04-19 22:04:44,9.2667,-3.0,85.53,45,91,4.45
458,Mount Gambier,AU,2022-04-19 22:05:44,-37.8333,140.7667,54.27,91,40,4.45
459,Tripoli,LY,2022-04-19 22:05:33,32.8752,13.1875,65.12,42,1,15.73
460,Ancud,CL,2022-04-19 22:01:55,-41.8697,-73.8203,50.23,80,37,4.63
461,Zyryanka,RU,2022-04-19 22:05:45,65.75,150.85,17.76,84,12,12.01
462,Ust-Nera,RU,2022-04-19 22:05:45,64.5667,143.2,13.14,88,85,3.04
463,Sisimiut,GL,2022-04-19 22:05:46,66.9395,-53.6735,10.9,69,83,5.68
464,Chapais,CA,2022-04-19 22:05:46,49.7834,-74.8492,31.78,96,100,9.53
465,Portland,US,2022-04-19 22:05:06,45.5234,-122.6762,49.55,87,100,3.0
466,Nepa Nagar,IN,2022-04-19 22:01:06,21.4667,76.4,88.61,19,71,10.54
467,Yanam,IN,2022-04-19 22:05:47,16.7333,82.2167,77.79,96,3,3.56
468,Aleppo,SY,2022-04-19 22:05:47,36.25,37.5,54.54,77,1,14.79
469,Kamina,CD,2022-04-19 22:05:47,-8.7386,24.9906,64.96,96,32,3.42
470,Oussouye,SN,2022-04-19 22:05:48,12.485,-16.5469,73.4,68,81,9.55
471,Sukhumi,GE,2022-04-19 22:05:48,43.0033,41.0153,54.18,99,94,6.13
472,Doume,CM,2022-04-19 22:05:49,4.2333,13.45,71.73,92,100,2.89
473,Moron,AR,2022-04-19 22:05:49,-34.6534,-58.6198,71.49,84,88,6.11
474,Pyapon,MM,2022-04-19 22:05:50,16.2833,95.6833,80.33,75,65,3.96
475,Severodvinsk,RU,2022-04-19 22:05:50,64.5635,39.8302,35.71,94,100,5.99
476,Sao Geraldo Do Araguaia,BR,2022-04-19 22:05:50,-6.4006,-48.555,76.39,92,99,0.43
477,Luba,GQ,2022-04-19 22:05:51,3.4568,8.5547,81.09,77,100,4.29
478,Chegdomyn,RU,2022-04-19 22:05:51,51.1167,133.0167,39.88,82,77,3.49
479,Itanhaem,BR,2022-04-19 22:05:52,-24.1831,-46.7889,70.79,85,76,3.04
480,Binghamton,US,2022-04-19 22:02:48,42.0987,-75.918,41.31,71,100,15.01
481,Ojinaga,MX,2022-04-19 22:05:52,29.5667,-104.4167,96.42,27,0,0.0
482,Lipin Bor,RU,2022-04-19 22:05:53,60.2622,37.9763,30.92,92,18,4.7
483,San Juan,AR,2022-04-19 22:03:00,-31.5375,-68.5364,74.17,32,2,9.8
484,Te Anau,NZ,2022-04-19 22:03:40,-45.4167,167.7167,55.56,71,100,2.44
485,Asau,RO,2022-04-19 22:05:53,46.4333,26.4,42.28,83,100,2.13
486,Isangel,VU,2022-04-19 22:05:53,-19.55,169.2667,81.97,74,6,8.5
487,Sorong,ID,2022-04-19 22:05:54,-0.8833,131.25,79.93,84,97,4.99
488,Aswan,EG,2022-04-19 22:05:54,24.0934,32.907,77.34,20,0,21.23
489,Salinopolis,BR,2022-04-19 22:05:55,-0.6136,-47.3561,79.32,84,75,7.29
490,Bangassou,CF,2022-04-19 22:05:55,4.7413,22.8184,70.86,98,100,2.48
491,Marzuq,YE,2022-04-19 22:05:55,14.4,46.4667,70.9,36,3,5.44
492,Flinders,AU,2022-04-19 22:05:55,-34.5833,150.8552,65.37,70,12,11.99
493,Fairbanks,US,2022-04-19 22:01:25,64.8378,-147.7164,45.25,26,0,4.0
494,Takaungu,KE,2022-04-19 22:05:56,-3.6837,39.8566,79.9,85,100,11.74
495,Sun Valley,US,2022-04-19 22:05:56,39.5963,-119.776,54.57,40,75,32.21
496,Klaksvik,FO,2022-04-19 22:05:57,62.2266,-6.589,43.72,78,7,12.1
497,Verkhnevilyuysk,RU,2022-04-19 22:05:57,63.4453,120.3167,18.21,91,100,8.72
498,Alexandria,EG,2022-04-19 22:02:00,31.2156,29.9553,61.21,69,0,10.8
499,Gorontalo,ID,2022-04-19 22:05:57,0.5412,123.0595,75.51,95,100,2.42
500,Watertown,US,2022-04-19 22:01:49,42.3709,-71.1828,50.13,64,62,10.0
501,Jalu,LY,2022-04-19 22:05:58,29.0331,21.5482,61.14,49,3,9.46
502,Husavik,IS,2022-04-19 22:05:58,66.0449,-17.3389,31.26,93,81,4.23
503,Kirakira,SB,2022-04-19 22:05:58,-10.4544,161.9205,83.57,76,100,6.51
504,Kodinsk,RU,2022-04-19 22:05:59,58.6881,99.1844,29.14,95,100,8.81
505,Emba,KZ,2022-04-19 22:05:59,48.8264,58.1442,55.76,50,19,4.74
506,Ballina,AU,2022-04-19 22:05:59,-28.8667,153.5667,73.58,88,10,7.31
507,Tuatapere,NZ,2022-04-19 22:07:00,-46.1333,167.6833,57.79,69,100,5.86
508,Adelaide,AU,2022-04-19 22:03:45,-34.9333,138.6,63.3,86,75,5.75
509,Aktau,KZ,2022-04-19 22:07:00,43.65,51.2,52.38,51,94,11.23
510,Dharchula,IN,2022-04-19 22:07:01,29.85,80.5333,65.17,37,1,7.67
511,Bereda,ES,2022-04-19 22:07:01,43.2686,-7.5406,43.41,100,96,2.73
512,Ouadda,CF,2022-04-19 22:07:01,8.0777,22.4007,70.54,84,100,1.54
513,Kaeo,NZ,2022-04-19 22:07:02,-35.1,173.7833,70.32,94,87,12.33
514,Akyab,MM,2022-04-19 22:07:02,20.15,92.9,80.1,84,1,1.12
515,Mestia,GE,2022-04-19 22:07:02,43.0458,42.7278,50.52,89,100,4.61
516,Port Augusta,AU,2022-04-19 22:07:03,-32.5,137.7667,57.54,70,17,4.88
517,Cao Bang,VN,2022-04-19 22:07:03,22.6667,106.25,63.52,86,100,1.81
518,Keffi,NG,2022-04-19 22:07:04,8.8486,7.8736,80.06,66,94,0.31
519,Matay,EG,2022-04-19 22:07:04,28.419,30.7792,65.01,48,0,16.15
520,Komsomolets,KZ,2022-04-19 22:07:04,53.7453,62.0708,47.8,87,64,3.53
521,Kuandian,CN,2022-04-19 22:07:05,40.7286,124.7847,46.58,62,0,3.56
522,Kismayo,SO,2022-04-19 22:07:05,-0.3582,42.5454,82.51,81,91,11.59
523,Popondetta,PG,2022-04-19 22:07:06,-8.7537,148.2534,76.64,90,98,0.6
524,Malakal,SS,2022-04-19 22:07:06,9.5334,31.6605,82.44,55,99,5.19
525,Labrea,BR,2022-04-19 22:07:07,-7.2586,-64.7981,78.93,88,93,0.98
526,Stromness,GB,2022-04-19 22:07:07,58.965,-3.296,45.88,88,37,4.0
527,Nhulunbuy,AU,2022-04-19 22:07:07,-12.2333,136.7667,81.21,83,40,8.05
528,Mahajanga,MG,2022-04-19 22:07:08,-15.7167,46.3167,77.02,94,20,1.14
529,Victor Harbor,AU,2022-04-19 22:07:08,-35.5667,138.6167,60.67,90,33,7.34
530,Touros,BR,2022-04-19 22:07:09,-5.1989,-35.4608,80.06,76,67,12.66
531,Rosehearty,GB,2022-04-19 22:07:09,57.697,-2.1132,44.62,80,41,7.94
532,Micheweni,TZ,2022-04-19 22:07:09,-4.9667,39.8333,79.97,84,99,11.9
533,Tecoanapa,MX,2022-04-19 22:07:10,16.5167,-98.75,87.04,50,0,12.62
534,Kadoshkino,RU,2022-04-19 22:07:10,54.0257,44.4191,43.92,97,98,10.89
535,Mangualde,PT,2022-04-19 22:07:11,40.6043,-7.7612,47.7,61,20,5.35
536,Starogard Gdanski,PL,2022-04-19 22:07:11,53.964,18.5264,45.1,100,100,7.05
537,Gat,IL,2022-04-19 22:07:03,31.61,34.7642,61.81,100,0,4.61
538,Tingo Maria,PE,2022-04-19 22:07:12,-9.2895,-76.0088,76.01,88,77,1.97
539,Kralendijk,BQ,2022-04-19 22:07:12,12.15,-68.2667,82.38,69,0,23.02
540,Ostersund,SE,2022-04-19 22:07:12,63.1792,14.6357,50.45,50,38,8.05
541,Katherine,AU,2022-04-19 22:07:13,-14.4667,132.2667,73.72,83,75,5.75
542,Boende,CD,2022-04-19 22:07:13,-0.2167,20.8667,72.03,97,99,0.92
543,Gushikawa,JP,2022-04-19 22:07:14,26.3544,127.8686,69.03,82,75,0.0
544,Rantepao,ID,2022-04-19 22:07:14,-2.9701,119.8978,67.46,98,100,2.21
545,Sao Sebastiao,BR,2022-04-19 22:06:10,-23.76,-45.4097,70.75,83,56,1.19
546,Yerbogachen,RU,2022-04-19 22:05:50,61.2767,108.0108,16.0,96,100,3.49
547,Erenhot,CN,2022-04-19 22:07:15,43.6475,111.9767,53.47,19,34,25.05
548,Matara,LK,2022-04-19 22:07:15,5.9485,80.5353,78.26,89,100,6.76
549,Puri,IN,2022-04-19 22:07:15,19.8,85.85,82.92,91,11,22.68
